{"stats":{"minecraft:picked_up":{"minecraft:golden_leggings":5,"minecraft:warped_wart_block":2,"minecraft:axolotl_bucket":1,"minecraft:fire_charge":2,"minecraft:sand":70,"minecraft:netherite_shovel":5,"minecraft:golden_boots":5,"minecraft:golden_sword":2,"minecraft:grass_block":4,"minecraft:golden_chestplate":5,"minecraft:dirt":73,"minecraft:elytra":4,"minecraft:arrow":6,"minecraft:firework_rocket":231,"minecraft:bone":8,"minecraft:rotten_flesh":12},"minecraft:custom":{"minecraft:time_since_rest":5842,"minecraft:sprint_one_cm":92593,"minecraft:damage_taken":1324,"minecraft:walk_one_cm":101197,"minecraft:mob_kills":3,"minecraft:damage_dealt":621,"minecraft:swim_one_cm":8810,"minecraft:fly_one_cm":75404,"minecraft:open_chest":5,"minecraft:crouch_one_cm":118,"minecraft:play_time":33773,"minecraft:deaths":6,"minecraft:walk_under_water_one_cm":3097,"minecraft:sneak_time":98,"minecraft:aviate_one_cm":400592,"minecraft:jump":503,"minecraft:leave_game":3,"minecraft:time_since_death":5789,"minecraft:walk_on_water_one_cm":13391,"minecraft:climb_one_cm":1798,"minecraft:total_world_time":33773,"minecraft:fall_one_cm":14579},"minecraft:killed_by":{"minecraft:skeleton":1,"minecraft:spider":1,"minecraft:enderman":1},"minecraft:broken":{"minecraft:golden_sword":1},"minecraft:mined":{"minecraft:birch_leaves":1,"minecraft:grass":1,"minecraft:grass_block":4,"minecraft:warped_wart_block":2},"minecraft:killed":{"minecraft:bee":1,"minecraft:spider":1,"minecraft:enderman":1},"minecraft:used":{"minecraft:golden_boots":3,"minecraft:netherite_shovel":1,"minecraft:firework_rocket":16,"minecraft:elytra":4,"minecraft:golden_leggings":3,"minecraft:golden_sword":32,"minecraft:dirt":7,"minecraft:warped_wart_block":2,"minecraft:golden_chestplate":3}},"DataVersion":3465}