{"stats":{"minecraft:picked_up":{"minecraft:rotten_flesh":3},"minecraft:dropped":{"minecraft:rotten_flesh":3,"minecraft:netherite_shovel":1,"minecraft:axolotl_bucket":1,"minecraft:elytra":1,"minecraft:firework_rocket":64},"minecraft:mined":{"minecraft:grass":2},"minecraft:used":{"minecraft:creeper_spawn_egg":1,"minecraft:netherite_sword":3,"minecraft:flint_and_steel":1,"minecraft:grass_block":45,"minecraft:pig_spawn_egg":2,"minecraft:powder_snow_bucket":2,"minecraft:obsidian":16,"minecraft:cat_spawn_egg":1},"minecraft:custom":{"minecraft:time_since_rest":64567,"minecraft:open_chest":4,"minecraft:crouch_one_cm":7557,"minecraft:play_time":64567,"minecraft:sprint_one_cm":33381,"minecraft:damage_taken":20,"minecraft:walk_one_cm":70798,"minecraft:sneak_time":2745,"minecraft:walk_under_water_one_cm":2420,"minecraft:drop":7,"minecraft:jump":563,"minecraft:damage_dealt":281,"minecraft:leave_game":9,"minecraft:walk_on_water_one_cm":2514,"minecraft:time_since_death":64567,"minecraft:climb_one_cm":415,"minecraft:total_world_time":64567,"minecraft:swim_one_cm":2910,"minecraft:fall_one_cm":3148,"minecraft:fly_one_cm":572823}},"DataVersion":3465}