{
  "minecraft:recipes/decorations/crafting_table": {
    "criteria": {
      "unlock_right_away": "2024-06-17 04:34:52 +0000"
    },
    "done": true
  },
  "minecraft:adventure/adventuring_time": {
    "criteria": {
      "minecraft:deep_ocean": "2024-06-17 05:18:25 +0000",
      "minecraft:beach": "2024-06-17 05:18:18 +0000",
      "minecraft:mangrove_swamp": "2024-06-17 05:03:30 +0000",
      "minecraft:river": "2024-06-17 05:03:56 +0000",
      "minecraft:lukewarm_ocean": "2024-06-17 23:44:02 +0000",
      "minecraft:forest": "2024-06-17 04:34:53 +0000",
      "minecraft:ocean": "2024-06-17 04:54:07 +0000",
      "minecraft:windswept_savanna": "2024-06-17 04:54:06 +0000",
      "minecraft:deep_lukewarm_ocean": "2024-06-17 23:44:10 +0000",
      "minecraft:flower_forest": "2024-06-17 05:18:48 +0000",
      "minecraft:plains": "2024-06-17 04:55:50 +0000"
    },
    "done": false
  },
  "minecraft:recipes/transportation/mangrove_boat": {
    "criteria": {
      "in_water": "2024-06-17 04:54:23 +0000"
    },
    "done": true
  },
  "minecraft:recipes/transportation/acacia_boat": {
    "criteria": {
      "in_water": "2024-06-17 04:54:23 +0000"
    },
    "done": true
  },
  "minecraft:recipes/transportation/cherry_boat": {
    "criteria": {
      "in_water": "2024-06-17 04:54:23 +0000"
    },
    "done": true
  },
  "minecraft:recipes/transportation/bamboo_raft": {
    "criteria": {
      "in_water": "2024-06-17 04:54:23 +0000"
    },
    "done": true
  },
  "minecraft:recipes/transportation/spruce_boat": {
    "criteria": {
      "in_water": "2024-06-17 04:54:23 +0000"
    },
    "done": true
  },
  "minecraft:recipes/transportation/birch_boat": {
    "criteria": {
      "in_water": "2024-06-17 04:54:23 +0000"
    },
    "done": true
  },
  "minecraft:recipes/transportation/oak_boat": {
    "criteria": {
      "in_water": "2024-06-17 04:54:23 +0000"
    },
    "done": true
  },
  "minecraft:recipes/transportation/jungle_boat": {
    "criteria": {
      "in_water": "2024-06-17 04:54:23 +0000"
    },
    "done": true
  },
  "minecraft:recipes/transportation/dark_oak_boat": {
    "criteria": {
      "in_water": "2024-06-17 04:54:23 +0000"
    },
    "done": true
  },
  "minecraft:recipes/tools/flint_and_steel": {
    "criteria": {
      "has_obsidian": "2024-06-17 05:16:49 +0000"
    },
    "done": true
  },
  "minecraft:story/form_obsidian": {
    "criteria": {
      "obsidian": "2024-06-17 05:16:49 +0000"
    },
    "done": true
  },
  "minecraft:recipes/decorations/enchanting_table": {
    "criteria": {
      "has_obsidian": "2024-06-17 05:16:49 +0000"
    },
    "done": true
  },
  "DataVersion": 3465
}